x,p
29.219,10682
29.2485,10682
29.278,10682
29.3076,10682
29.3371,10682
29.3666,10682
29.3961,10682
29.4257,10682
29.4552,10682
29.4847,10682
29.5142,10682
29.5437,10682
29.5733,10682
29.6028,10682
29.6323,10682
29.6618,10682
29.6914,10682
29.7209,10682
29.7504,10682
29.7799,10682
29.8095,10682
29.839,10682
29.8685,10682
29.898,10682
29.9275,10682
29.9571,10682
29.9866,10682
30.0161,10682
30.0456,10682
30.0752,10682
30.1047,10682
30.1342,10682
30.1637,10682
30.1932,10682
30.2228,10682
30.2523,10682
30.2818,10682
30.3113,10682
30.3409,10682
30.3704,10682
30.3999,10682
30.4294,10682
30.459,10682
30.4885,10682
30.518,10682
30.5475,10682
30.577,10682
30.6066,10682
30.6361,10682
30.6656,10682
30.6951,10682
30.7247,10682
30.7542,10682
30.7837,10682
30.8132,10682
30.8428,10682
30.8723,10682
30.9018,10682
30.9313,10682
30.9608,10682
30.9904,10682
31.0199,10682
31.0494,10682
31.0789,10682
31.1085,10682
31.138,10682
31.1675,10682
31.197,10682
31.2266,10682
31.2561,10682
31.2856,10682
31.3151,10682
31.3446,10682
31.3742,10682
31.4037,10682
31.4332,10682
31.4627,10682
31.4923,10682
31.5218,10682
31.5513,10682
31.5808,10682
31.6104,10682
31.6399,10682
31.6694,10682
31.6989,10682
31.7284,10682
31.758,10682
31.7875,10682
31.817,10682
31.8465,10682
31.8761,10682
31.9056,10682
31.9351,10682
31.9646,10682
31.9941,10682
32.0237,10682
32.0532,10682
32.0827,10682
32.1122,10682
32.1418,10682
32.1713,10682
32.2008,10682
32.2303,10682
32.2599,10682
32.2894,10682
32.3189,10682
32.3484,10682
32.3779,10682
32.4075,10682
32.437,10682
32.4665,10682
32.496,10682
32.5256,10682
32.5551,10682
32.5846,10682
32.6141,10682
32.6437,10682
32.6732,10682
32.7027,10682
32.7322,10682
32.7617,10682
32.7913,10682
32.8208,10682
32.8503,10682
32.8798,10682
32.9094,10682
32.9389,10682
32.9684,10682
32.9979,10682
33.0275,10682
33.057,10682
33.0865,10682
33.116,10682
33.1455,10682
33.1751,10682
33.2046,10682
33.2341,10682
33.2636,10682
33.2932,10682
33.3227,10682
33.3522,10682
33.3817,10682
33.4113,10682
33.4408,10682
33.4703,10682
33.4998,10682
33.5293,10682
33.5589,10682
33.5884,10682
33.6179,10682
33.6474,10682
33.677,10682
33.7065,10682
33.736,10682
33.7655,10682
33.795,10682
33.8246,10682
33.8541,10682
33.8836,10682
33.9131,10682
33.9427,10682
33.9722,10682
34.0017,10682
34.0312,10682
34.0608,10682
34.0903,10682
34.1198,10682
34.1493,10682
34.1788,10682
34.2084,10682
34.2379,10682
34.2674,10682
34.2969,10682
34.3265,10682
34.356,10682
34.3855,10682
34.415,10682
34.4446,10682
34.4741,10682
34.5036,10682
34.5331,10682
34.5626,10682
34.5922,10682
34.6217,10682
34.6512,10682
34.6807,10682
34.7103,10682
34.7398,10682
34.7693,10682
34.7988,10682
34.8284,10682
34.8579,10682
34.8874,10682
34.9169,10682
34.9464,10682
34.976,10682
35.0055,10682
35.035,10682
35.0645,10682
35.0941,10682
35.1236,10682
35.1531,10682
35.1826,10682
35.2122,10682
35.2417,10682
35.2712,10682
35.3007,10682
35.3302,10682
35.3598,10682
35.3893,10682
35.4188,10682
35.4483,10682
35.4779,10682
35.5074,10682
35.5369,10682
35.5664,10682
35.5959,10682
35.6255,10682
35.655,10682
35.6845,10682
35.714,10682
35.7436,10682
35.7731,10682
35.8026,10682
35.8321,10682
35.8617,10682
35.8912,10682
35.9207,10682
35.9502,10682
35.9797,10682
36.0093,10682
36.0388,10682
36.0683,10682
36.0978,10682
36.1274,10682
36.1569,10682
36.1864,10682
36.2159,10682
36.2455,10682
36.275,10682
36.3045,10682
36.334,10682
36.3635,10682
36.3931,10682
36.4226,10682
36.4521,10682
36.4816,10682
36.5112,10682
36.5407,10682
36.5702,10682
36.5997,10682
36.6293,10682
36.6588,10682
36.6883,10682
36.7178,10682
36.7473,10682
36.7769,10682
36.8064,10682
36.8359,10682
36.8654,10682
36.895,10682
36.9245,10682
36.954,10682
36.9835,10682
37.0131,10682
37.0426,10682
37.0721,10682
37.1016,10682
37.1311,10682
37.1607,10682
37.1902,10682
37.2197,10682
37.2492,10682
37.2788,10682
37.3083,10682
37.3378,10682
37.3673,10682
37.3968,10682
37.4264,10682
37.4559,10682
37.4854,10682
37.5149,10682
37.5445,10682
37.574,10682
37.6035,10682
37.633,10682
37.6626,10682
37.6921,10682
37.7216,10682
37.7511,10682
37.7806,10682
37.8102,10682
37.8397,10682
37.8692,10682
37.8987,10682
37.9283,10682
37.9578,10682
37.9873,10682
38.0168,10682
38.0464,10682
38.0759,10682
38.1054,10682
38.1349,10682
38.1644,10682
38.194,10682
38.2235,10682
38.253,10682
38.2825,10682
38.3121,10682
38.3416,10682
38.3711,10682
38.4006,10682
38.4302,10682
38.4597,10682
38.4892,10682
38.5187,10682
38.5482,10682
38.5778,10682
38.6073,10682
38.6368,10682
38.6663,10682
38.6959,10682
38.7254,10682
38.7549,10682
38.7844,10682
38.814,10682
38.8435,10682
38.873,10682
38.9025,10682
38.932,10682
38.9616,10682
38.9911,10682
39.0206,10682
39.0501,10682
39.0797,10682
39.1092,10682
39.1387,10682
39.1682,10682
39.1977,10682
39.2273,10682
39.2568,10682
39.2863,10682
39.3158,10682
39.3454,10682
39.3749,10682
39.4044,10682
39.4339,10682
39.4635,10682
39.493,10682
39.5225,10682
39.552,10682
39.5815,10682
39.6111,10682
39.6406,10682
39.6701,10682
39.6996,10682
39.7292,10682
39.7587,10682
39.7882,10682
39.8177,10682
39.8473,10682
39.8768,10682
39.9063,10681.9
39.9358,10681.9
39.9653,10681.9
39.9949,10681.9
40.0244,10681.9
40.0539,10681.9
40.0834,10681.8
40.113,10681.8
40.1425,10681.8
40.172,10681.8
40.2015,10681.8
40.2311,10681.8
40.2606,10681.8
40.2901,10681.9
40.3196,10681.9
40.3491,10681.9
40.3787,10682
40.4082,10682
40.4377,10682.1
40.4672,10682.2
40.4968,10682.3
40.5263,10682.5
40.5558,10682.9
40.5853,10683.3
40.6149,10683.7
40.6444,10684
40.6739,10684.5
40.7034,10685
40.7329,10685.6
40.7625,10686.1
40.792,10686.7
40.8215,10687.3
40.851,10687.9
40.8806,10688.4
40.9101,10689
40.9396,10689.6
40.9691,10690.2
40.9986,10690.9
41.0282,10691.5
41.0577,10692.2
41.0872,10692.8
41.1167,10693.4
41.1463,10693.9
41.1758,10694.3
41.2053,10694.7
41.2348,10695.1
41.2644,10695.5
41.2939,10695.7
41.3234,10695.8
41.3529,10695.9
41.3824,10696
41.412,10696.1
41.4415,10696.1
41.471,10696
41.5005,10696
41.5301,10695.9
41.5596,10695.8
41.5891,10695.7
41.6186,10695.6
41.6482,10695.4
41.6777,10695.3
41.7072,10695.2
41.7367,10695.1
41.7662,10694.9
41.7958,10694.8
41.8253,10694.7
41.8548,10694.6
41.8843,10694.6
41.9139,10694.5
41.9434,10694.5
41.9729,10694.5
42.0024,10694.5
42.032,10694.5
42.0615,10694.5
42.091,10694.6
42.1205,10694.6
42.15,10694.7
42.1796,10694.7
42.2091,10694.8
42.2386,10694.9
42.2681,10694.9
42.2977,10695
42.3272,10695.1
42.3567,10695.1
42.3862,10695.2
42.4158,10695.2
42.4453,10695.3
42.4748,10695.3
42.5043,10695.4
42.5338,10695.4
42.5634,10695.4
42.5929,10695.5
42.6224,10695.5
42.6519,10695.5
42.6815,10695.6
42.711,10695.6
42.7405,10695.7
42.77,10695.7
42.7995,10695.8
42.8291,10695.8
42.8586,10695.9
42.8881,10696
42.9176,10696.1
42.9472,10696.2
42.9767,10696.4
43.0062,10696.5
43.0357,10696.7
43.0653,10696.9
43.0948,10697
43.1243,10697.2
43.1538,10697.3
43.1833,10697.5
43.2129,10697.7
43.2424,10697.9
43.2719,10698
43.3014,10698.2
43.331,10698.4
43.3605,10698.6
43.39,10698.8
43.4195,10699
43.4491,10699.2
43.4786,10699.4
43.5081,10699.6
43.5376,10699.8
43.5671,10700
43.5967,10700.2
43.6262,10700.4
43.6557,10700.6
43.6852,10700.8
43.7148,10701
43.7443,10701.2
43.7738,10701.4
43.8033,10701.5
43.8329,10701.7
43.8624,10701.9
43.8919,10702
43.9214,10702.2
43.9509,10702.4
43.9805,10702.5
44.01,10702.7
44.0395,10702.8
44.069,10702.9
44.0986,10703
44.1281,10703.1
44.1576,10703.1
44.1871,10703.1
44.2167,10703.1
44.2462,10703
44.2757,10703
44.3052,10702.9
44.3347,10702.8
44.3643,10702.7
44.3938,10702.6
44.4233,10702.5
44.4528,10702.3
44.4824,10702.2
44.5119,10702.1
44.5414,10702
44.5709,10701.9
44.6005,10701.8
44.63,10701.7
44.6595,10701.7
44.689,10701.6
44.7185,10701.6
44.7481,10701.6
44.7776,10701.5
44.8071,10701.7
44.8366,10701.8
44.8662,10701.9
44.8957,10702
44.9252,10702.2
44.9547,10702.5
44.9842,10702.8
45.0138,10703.1
45.0433,10703.5
45.0728,10703.8
45.1023,10704.2
45.1319,10704.7
45.1614,10705.2
45.1909,10705.7
45.2204,10706.2
45.25,10706.6
45.2795,10707
45.309,10707.5
45.3385,10707.9
45.368,10708.3
45.3976,10708.7
45.4271,10709
45.4566,10709.3
45.4861,10709.5
45.5157,10709.8
45.5452,10710.1
45.5747,10710.2
45.6042,10710.3
45.6338,10710.5
45.6633,10710.6
45.6928,10710.7
45.7223,10710.7
45.7518,10710.7
45.7814,10710.7
45.8109,10710.7
45.8404,10710.6
45.8699,10710.6
45.8995,10710.5
45.929,10710.4
45.9585,10710.3
45.988,10710.2
46.0176,10710.1
46.0471,10710
46.0766,10710
46.1061,10709.9
46.1356,10709.9
46.1652,10709.9
46.1947,10710
46.2242,10710
46.2537,10710.1
46.2833,10710.2
46.3128,10710.3
46.3423,10710.6
46.3718,10710.8
46.4014,10711
46.4309,10711.3
46.4604,10711.5
46.4899,10711.8
46.5194,10712.1
46.549,10712.4
46.5785,10712.8
46.608,10713.1
46.6375,10713.4
46.6671,10713.7
46.6966,10714.1
46.7261,10714.4
46.7556,10714.8
46.7851,10715.1
46.8147,10715.4
46.8442,10715.8
46.8737,10716.1
46.9032,10716.5
46.9328,10716.8
46.9623,10717.1
46.9918,10717.4
47.0213,10717.7
47.0509,10718
47.0804,10718.3
47.1099,10718.6
47.1394,10718.8
47.1689,10719.1
47.1985,10719.4
47.228,10719.6
47.2575,10719.8
47.287,10720.1
47.3166,10720.3
47.3461,10720.5
47.3756,10720.7
47.4051,10720.9
47.4347,10721.1
47.4642,10721.3
47.4937,10721.5
47.5232,10721.7
47.5527,10721.8
47.5823,10722
47.6118,10722.2
47.6413,10722.4
47.6708,10722.5
47.7004,10722.7
47.7299,10722.8
47.7594,10723
47.7889,10723.1
47.8185,10723.2
47.848,10723.3
47.8775,10723.4
47.907,10723.4
47.9365,10723.5
47.9661,10723.5
47.9956,10723.5
48.0251,10723.5
48.0546,10723.5
48.0842,10723.5
48.1137,10723.4
48.1432,10723.4
48.1727,10723.3
48.2023,10723.2
48.2318,10723.1
48.2613,10722.9
48.2908,10722.8
48.3203,10722.7
48.3499,10722.5
48.3794,10722.4
48.4089,10722.2
48.4384,10722.1
48.468,10721.9
48.4975,10721.7
48.527,10721.5
48.5565,10721.4
48.586,10721
48.6156,10721
48.6451,10720.9
48.6746,10720.8
48.7041,10720.6
48.7337,10720.5
48.7632,10720.4
48.7927,10720.4
48.8222,10720.4
48.8518,10720.4
48.8813,10720.3
48.9108,10720.4
48.9403,10720.5
48.9698,10720.7
48.9994,10720.8
49.0289,10720.9
49.0584,10721.1
49.0879,10721.4
49.1175,10721.7
49.147,10722
49.1765,10722.2
49.206,10722.5
49.2356,10722.9
49.2651,10723.3
49.2946,10723.7
49.3241,10724
49.3536,10724.4
49.3832,10724.8
49.4127,10725.3
49.4422,10725.7
49.4717,10726.1
49.5013,10726.5
49.5308,10726.9
49.5603,10727.4
49.5898,10727.8
49.6194,10728.2
49.6489,10728.6
49.6784,10729
49.7079,10729.4
49.7374,10729.8
49.767,10730.2
49.7965,10730.6
49.826,10730.9
49.8555,10731.2
49.8851,10731.5
49.9146,10731.8
49.9441,10732.1
49.9736,10732.3
50.0032,10732.5
50.0327,10732.6
50.0622,10732.8
50.0917,10732.9
50.1212,10733
50.1508,10733
50.1803,10733
50.2098,10733
50.2393,10733
50.2689,10732.9
50.2984,10732.8
50.3279,10732.6
50.3574,10732.5
50.3869,10732.3
50.4165,10732.2
50.446,10732
50.4755,10731.8
50.505,10731.7
50.5346,10731.5
50.5641,10731.3
50.5936,10731
50.6231,10730.8
50.6527,10730.5
50.6822,10730.2
50.7117,10729.9
50.7412,10729.7
50.7707,10729.5
50.8003,10729.2
50.8298,10729
50.8593,10728.8
50.8888,10728.7
50.9184,10728.6
50.9479,10728.6
50.9774,10728.6
51.0069,10728.5
51.0365,10728.5
51.066,10728.7
51.0955,10728.8
51.125,10728.9
51.1545,10729
51.1841,10729.2
51.2136,10729.6
51.2431,10730.1
51.2726,10730.5
51.3022,10730.9
51.3317,10731.4
51.3612,10732.2
51.3907,10733
51.4203,10733.8
51.4498,10734.6
51.4793,10735.4
51.5088,10736.6
51.5383,10737.8
51.5679,10739
51.5974,10740.2
51.6269,10741.3
51.6564,10742.6
51.686,10743.9
51.7155,10745.3
51.745,10746.6
51.7745,10747.9
51.8041,10748.9
51.8336,10749.9
51.8631,10750.8
51.8926,10751.8
51.9221,10752.7
51.9517,10753.3
51.9812,10753.6
52.0107,10754
52.0402,10754.3
52.0698,10754.6
52.0993,10754.7
52.1288,10754.5
52.1583,10754.2
52.1878,10754
52.2174,10753.7
52.2469,10753.4
52.2764,10752.7
52.3059,10752
52.3355,10751.3
52.365,10750.6
52.3945,10749.8
52.424,10748.8
52.4536,10747.7
52.4831,10746.6
52.5126,10745.5
52.5421,10744.4
52.5716,10743.2
52.6012,10742
52.6307,10740.8
52.6602,10739.6
52.6897,10738.5
52.7193,10737.4
52.7488,10736.4
52.7783,10735.3
52.8078,10734.3
52.8374,10733.3
52.8669,10732.4
52.8964,10731.5
52.9259,10730.7
52.9554,10729.9
52.985,10729.1
53.0145,10728.3
53.044,10727.8
53.0735,10727.2
53.1031,10726.7
53.1326,10726.1
53.1621,10725.7
53.1916,10725.4
53.2212,10725.1
53.2507,10724.9
53.2802,10724.6
53.3097,10724.4
53.3392,10724.3
53.3688,10724.3
53.3983,10724.2
53.4278,10724.2
53.4573,10724.1
53.4869,10724.3
53.5164,10724.5
53.5459,10724.7
53.5754,10724.9
53.605,10725.1
53.6345,10725.6
53.664,10726.1
53.6935,10726.6
53.723,10727.1
53.7526,10727.6
53.7821,10728.3
53.8116,10729.1
53.8411,10729.9
53.8707,10730.8
53.9002,10731.6
53.9297,10732.4
53.9592,10733.4
53.9887,10734.3
54.0183,10735.3
54.0478,10736.2
54.0773,10737.1
54.1068,10738
54.1364,10738.8
54.1659,10739.6
54.1954,10740.4
54.2249,10741.2
54.2545,10741.8
54.284,10742.3
54.3135,10742.9
54.343,10743.5
54.3725,10744
54.4021,10744.3
54.4316,10744.6
54.4611,10744.9
54.4906,10745.2
54.5202,10745.5
54.5497,10745.6
54.5792,10745.7
54.6087,10745.8
54.6383,10745.9
54.6678,10746
54.6973,10746.1
54.7268,10746.1
54.7563,10746.1
54.7859,10746.1
54.8154,10746.1
54.8449,10746.1
54.8744,10746.1
54.904,10746.1
54.9335,10746
54.963,10746
54.9925,10746
55.0221,10746.1
55.0516,10746.1
55.0811,10746.2
55.1106,10746.2
55.1401,10746.3
55.1697,10746.5
55.1992,10746.6
55.2287,10746.8
55.2582,10747
55.2878,10747.2
55.3173,10747.5
55.3468,10747.8
55.3763,10748.2
55.4059,10748.5
55.4354,10748.8
55.4649,10749.3
55.4944,10749.7
55.5239,10750.1
55.5535,10750.6
55.583,10751
55.6125,10751.5
55.642,10751.9
55.6716,10752.3
55.7011,10752.7
55.7306,10753.2
55.7601,10753.6
55.7896,10753.9
55.8192,10754.2
55.8487,10754.6
55.8782,10754.9
55.9077,10755.2
55.9373,10755.3
55.9668,10755.5
55.9963,10755.7
56.0258,10755.8
56.0554,10755.9
56.0849,10755.8
56.1144,10755.6
56.1439,10755.5
56.1734,10755.3
56.203,10755.1
56.2325,10754.7
56.262,10754.3
56.2915,10753.9
56.3211,10753.5
56.3506,10753.1
56.3801,10752.6
56.4096,10752.2
56.4392,10751.7
56.4687,10751.2
56.4982,10750.7
56.5277,10750.2
56.5572,10749.8
56.5868,10749.3
56.6163,10748.8
56.6458,10748.3
56.6753,10747.8
56.7049,10747.3
56.7344,10746.9
56.7639,10746.4
56.7934,10745.9
56.823,10745.5
56.8525,10745.2
56.882,10744.9
56.9115,10744.6
56.941,10744.3
56.9706,10744.1
57.0001,10744.1
57.0296,10744
57.0591,10744
57.0887,10744
57.1182,10743.9
57.1477,10744.1
57.1772,10744.2
57.2068,10744.4
57.2363,10744.5
57.2658,10744.7
57.2953,10744.8
57.3248,10744.9
57.3544,10745
57.3839,10745.1
57.4134,10745.2
57.4429,10745.3
57.4725,10745.3
57.502,10745.3
57.5315,10745.3
57.561,10745.3
57.5905,10745.3
57.6201,10745.4
57.6496,10745.4
57.6791,10745.5
57.7086,10745.6
57.7382,10745.7
57.7677,10746.1
57.7972,10746.5
57.8267,10746.8
57.8563,10747.2
57.8858,10747.7
57.9153,10748.5
57.9448,10749.3
57.9743,10750.2
58.0039,10751
58.0334,10751
58.0629,10753.1
58.0924,10754.4
58.122,10755.6
58.1515,10756.9
58.181,10758.1
58.2105,10759.5
58.2401,10760.8
58.2696,10762.2
58.2991,10763.5
58.3286,10764.9
58.3581,10765.9
58.3877,10766.8
58.4172,10767.7
58.4467,10768.7
58.4762,10769.5
58.5058,10770.1
58.5353,10770.3
58.5648,10770.6
58.5943,10770.9
58.6239,10771.1
58.6534,10771.1
58.6829,10770.9
58.7124,10770.6
58.7419,10770.4
58.7715,10770.1
58.801,10769.7
58.8305,10769.1
58.86,10768.5
58.8896,10767.8
58.9191,10767.2
58.9486,10766.5
58.9781,10765.3
59.0077,10764.1
59.0372,10763
59.0667,10761.8
59.0962,10760.6
59.1257,10759.3
59.1553,10758
59.1848,10756.8
59.2143,10755.5
59.2438,10754.2
59.2734,10753.1
59.3029,10752
59.3324,10750.9
59.3619,10749.8
59.3914,10748.8
59.421,10747.5
59.4505,10746.1
59.48,10744.6
59.5095,10743.2
59.5391,10741.8
59.5686,10740.4
59.5981,10739
59.6276,10737.5
59.6572,10736.1
59.6867,10734.6
59.7162,10733.4
59.7457,10732.4
59.7752,10731.4
59.8048,10730.5
59.8343,10729.5
59.8638,10728.6
59.8933,10728.4
59.9229,10728.2
59.9524,10728
59.9819,10727.8
60.0114,10727.7
60.041,10728.5
60.0705,10729.3
60.1,10730.2
60.1295,10731.1
60.159,10732
60.1886,10734
60.2181,10736.2
60.2476,10738.5
60.2771,10740.8
60.3067,10743.1
60.3362,10746
60.3657,10749.2
60.3952,10752.4
60.4248,10755.6
60.4543,10758.7
60.4838,10761.7
60.5133,10764.5
60.5428,10767.2
60.5724,10770
60.6019,10772.7
60.6314,10774.9
60.6609,10776.2
60.6905,10777.5
60.72,10778.8
60.7495,10780.1
60.779,10781.1
60.8086,10780.9
60.8381,10780.7
60.8676,10780.5
60.8971,10780.3
60.9266,10780
60.9562,10779.1
60.9857,10778.2
61.0152,10777.3
61.0447,10776.4
61.0743,10775.4
61.1038,10774.4
61.1333,10773.4
61.1628,10772.4
61.1923,10771.4
61.2219,10770.4
61.2514,10769.3
61.2809,10768.1
61.3104,10767
61.34,10765.8
61.3695,10764.7
61.399,10763.6
61.4285,10762.6
61.4581,10761.6
61.4876,10760.5
61.5171,10759.5
61.5466,10758.6
61.5761,10757.8
61.6057,10757
61.6352,10756.3
61.6647,10755.5
61.6942,10754.8
61.7238,10754.3
61.7533,10753.7
61.7828,10753.2
61.8123,10752.7
61.8419,10752.2
61.8714,10751.8
61.9009,10751.4
61.9304,10751.1
61.9599,10750.7
61.9895,10750.4
62.019,10750.3
62.0485,10750.2
62.078,10750.1
62.1076,10749.9
62.1371,10749.9
62.1666,10749.9
62.1961,10750
62.2257,10750.1
62.2552,10750.2
62.2847,10750.3
62.3142,10750.4
62.3437,10750.6
62.3733,10750.8
62.4028,10751
62.4323,10751.2
62.4618,10751.3
62.4914,10751.4
62.5209,10751.5
62.5504,10751.6
62.5799,10751.7
62.6095,10751.8
62.639,10751.6
62.6685,10751.4
62.698,10751.3
62.7275,10751.1
62.7571,10750.9
62.7866,10750.3
62.8161,10749.8
62.8456,10749.2
62.8752,10748.6
62.9047,10748.1
62.9342,10747.1
62.9637,10746.2
62.9932,10745.2
63.0228,10744.2
63.0523,10743.2
63.0818,10742
63.1113,10740.7
63.1409,10739.4
63.1704,10738.2
63.1999,10736.9
63.2294,10735.6
63.259,10734.3
63.2885,10733
63.318,10731.6
63.3475,10730.3
63.377,10728.8
63.4066,10726.9
63.4361,10725
63.4656,10723.1
63.4951,10721.3
63.5247,10719.4
63.5542,10717.6
63.5837,10715.7
63.6132,10713.9
63.6428,10712.1
63.6723,10710.3
63.7018,10709
63.7313,10707.8
63.7608,10706.6
63.7904,10705.3
63.8199,10704.1
63.8494,10702.7
63.8789,10701.3
63.9085,10699.8
63.938,10698.4
63.9675,10697
63.997,10695.5
64.0266,10693.9
64.0561,10692.3
64.0856,10690.7
64.1151,10689.2
64.1446,10687.6
64.1742,10686
64.2037,10684.3
64.2332,10682.7
64.2627,10681.1
64.2923,10679.4
64.3218,10677.7
64.3513,10676
64.3808,10674.3
64.4104,10672.6
64.4399,10671
64.4694,10669.2
64.4989,10667.5
64.5284,10665.8
64.558,10664.1
64.5875,10662.4
64.617,10660.7
64.6465,10659.1
64.6761,10657.4
64.7056,10655.7
64.7351,10654.1
64.7646,10652.5
64.7941,10651
64.8237,10649.5
64.8532,10647.9
64.8827,10646.4
64.9122,10645.2
64.9418,10644.1
64.9713,10642.9
65.0008,10641.8
65.0303,10640.7
65.0599,10640
65.0894,10639.5
65.1189,10639.1
65.1484,10638.6
65.1779,10638.2
65.2075,10638.1
65.237,10638.4
65.2665,10638.8
65.296,10639.1
65.3256,10639.4
65.3551,10639.9
65.3846,10640.8
65.4141,10641.8
65.4437,10642.7
65.4732,10643.6
65.5027,10644.6
65.5322,10645.8
65.5617,10646.9
65.5913,10648.1
65.6208,10649.3
65.6503,10650.4
65.6798,10651.4
65.7094,10652.4
65.7389,10653.4
65.7684,10654.3
65.7979,10655.3
65.8275,10655.8
65.857,10656.3
65.8865,10656.7
65.916,10657.2
65.9455,10657.6
65.9751,10657.7
66.0046,10657.5
66.0341,10657.4
66.0636,10657.2
66.0932,10657
66.1227,10656.7
66.1522,10656.2
66.1817,10655.8
66.2113,10655.3
66.2408,10654.8
66.2703,10654.3
66.2998,10653.9
66.3293,10653.4
66.3589,10653
66.3884,10652.6
66.4179,10652.2
66.4474,10652.1
66.477,10652
66.5065,10651.9
66.536,10651.9
66.5655,10651.7
66.595,10652.2
66.6246,10652.7
66.6541,10653.2
66.6836,10653.7
66.7131,10654.2
66.7427,10655.2
66.7722,10656.3
66.8017,10657.5
66.8312,10658.6
66.8608,10659.7
66.8903,10661
66.9198,10662.3
66.9493,10663.6
66.9788,10665
67.0084,10666.3
67.0379,10667.3
67.0674,10668.1
67.0969,10668.9
67.1265,10669.7
67.156,10670.5
67.1855,10671.1
67.215,10671.1
67.2446,10671.2
67.2741,10671.2
67.3036,10671.3
67.3331,10671.2
67.3626,10670.7
67.3922,10670.2
67.4217,10669.7
67.4512,10669.2
67.4807,10668.8
67.5103,10668
67.5398,10667.2
67.5693,10666.4
67.5988,10665.6
67.6284,10664.8
67.6579,10663.9
67.6874,10663.1
67.7169,10662.3
67.7464,10661.4
67.776,10660.6
67.8055,10660
67.835,10659.4
67.8645,10658.8
67.8941,10658.2
67.9236,10657.7
67.9531,10657.3
67.9826,10657
68.0122,10656.8
68.0417,10656.5
68.0712,10656.3
68.1007,10656.1
68.1302,10656.1
68.1598,10656.1
68.1893,10656.1
68.2188,10656.1
68.2483,10656.1
68.2779,10656.2
68.3074,10656.2
68.3369,10656.3
68.3664,10656.4
68.3959,10656.7
68.4255,10656.2
68.455,10655.9
68.4845,10655.6
68.514,10655.3
68.5436,10655
68.5731,10654.4
68.6026,10653.8
68.6321,10653.2
68.6617,10652.5
68.6912,10651.9
68.7207,10651.3
68.7502,10650.6
68.7797,10649.9
68.8093,10649.2
68.8388,10648.6
68.8683,10648
68.8978,10647.3
68.9274,10646.7
68.9569,10646
68.9864,10645.4
69.0159,10644.8
69.0455,10644.3
69.075,10643.8
69.1045,10643.3
69.134,10642.8
69.1635,10642.4
69.1931,10642.1
69.2226,10641.8
69.2521,10641.5
69.2816,10641.3
69.3112,10641
69.3407,10641.1
69.3702,10641.1
69.3997,10641.2
69.4293,10641.2
69.4588,10641.3
69.4883,10641.6
69.5178,10642
69.5473,10642.4
69.5769,10642.8
69.6064,10643.3
69.6359,10643.8
69.6654,10644.4
69.695,10645.1
69.7245,10645.7
69.754,10646.3
69.7835,10646.9
69.8131,10647.3
69.8426,10647.8
69.8721,10648.2
69.9016,10648.7
69.9311,10649
69.9607,10648.9
69.9902,10648.8
70.0197,10648.7
70.0492,10648.6
70.0788,10648.3
70.1083,10647.6
70.1378,10646.9
70.1673,10646.2
70.1968,10645.5
70.2264,10644.8
70.2559,10643.4
70.2854,10642.1
70.3149,10640.8
70.3445,10639.5
70.374,10638.2
70.4035,10636.1
70.433,10633.9
70.4626,10631.7
70.4921,10629.5
70.5216,10627.4
70.5511,10624.4
70.5806,10621.2
70.6102,10618
70.6397,10614.8
70.6692,10611.7
70.6987,10609
70.7283,10606.7
70.7578,10604.3
70.7873,10601.9
70.8168,10599.7
70.8464,10600.1
70.8759,10604.5
70.9054,10608.9
70.9349,10613.3
70.9644,10617.6
70.994,10623.8
71.0235,10636.6
71.053,10649.4
71.0825,10662.2
71.1121,10674.8
71.1416,10686.6
71.1711,10696.6
71.2006,10706.5
71.2302,10716.4
71.2597,10726.3
71.2892,10735.5
71.3187,10736.3
71.3482,10736.2
71.3778,10736.2
71.4073,10736.1
71.4368,10736.1
71.4663,10732.2
71.4959,10727.1
71.5254,10722
71.5549,10716.8
71.5844,10711.9
71.614,10706.8
71.6435,10701.5
71.673,10696.1
71.7025,10690.8
71.732,10685.6
71.7616,10681.1
71.7911,10677.5
71.8206,10673.8
71.8501,10670.1
71.8797,10666.5
71.9092,10663.5
71.9387,10661.9
71.9682,10660.3
71.9977,10658.8
72.0273,10657.2
72.0568,10655.8
72.0863,10656
72.1158,10656.2
72.1454,10656.4
72.1749,10656.6
72.2044,10656.8
72.2339,10658.4
72.2635,10660
72.293,10661.7
72.3225,10663.4
72.352,10665.1
72.3815,10667.9
72.4111,10671.1
72.4406,10674.3
72.4701,10677.5
72.4996,10680.7
72.5292,10684.2
72.5587,10687.8
72.5882,10691.3
72.6177,10694.9
72.6473,10698.5
72.6768,10701.4
72.7063,10703.7
72.7358,10706
72.7653,10708.3
72.7949,10710.6
72.8244,10712.3
72.8539,10712.8
72.8834,10713.2
72.913,10713.6
72.9425,10714.1
72.972,10714.3
73.0015,10713
73.0311,10711.7
73.0606,10710.4
73.0901,10709.2
73.1196,10707.9
73.1491,10705.5
73.1787,10703.1
73.2082,10700.7
73.2377,10698.3
73.2672,10695.9
73.2968,10693.2
73.3263,10690.3
73.3558,10687.4
73.3853,10684.6
73.4149,10681.8
73.4444,10679
73.4739,10676.2
73.5034,10673.5
73.5329,10670.7
73.5625,10668
73.592,10665.3
73.6215,10662.7
73.651,10660
73.6806,10657.4
73.7101,10654.8
73.7396,10652.3
73.7691,10649.7
73.7986,10647.2
73.8282,10644.6
73.8577,10642
73.8872,10639.6
73.9167,10637.2
73.9463,10634.8
73.9758,10632.4
74.0053,10630.1
74.0348,10627.8
74.0644,10625.8
74.0939,10623.8
74.1234,10621.9
74.1529,10619.9
74.1824,10618
74.212,10616.3
74.2415,10614.8
74.271,10613.2
74.3005,10611.6
74.3301,10610.1
74.3596,10608.6
74.3891,10607
74.4186,10605.5
74.4482,10604
74.4777,10602.5
74.5072,10600.9
74.5367,10599.1
74.5662,10597.4
74.5958,10595.6
74.6253,10593.9
74.6548,10592
74.6843,10589.9
74.7139,10587.8
74.7434,10585.7
74.7729,10583.6
74.8024,10581.4
74.832,10579.3
74.8615,10577.1
74.891,10575
74.9205,10572.8
74.95,10572.7
74.9796,10570.8
75.0091,10570.8
75.0386,10570.8
75.0681,10570.8
75.0977,10571
75.1272,10576.2
75.1567,10582.5
75.1862,10588.7
75.2158,10594.9
75.2453,10601.1
75.2748,10610.8
75.3043,10622.2
75.3338,10633.6
75.3634,10645
75.3929,10656.1
75.4224,10665.4
75.4519,10673.1
75.4815,10680.9
75.511,10688.6
75.5405,10696.1
75.57,10700.9
75.5995,10700.9
75.6291,10700.8
75.6586,10700.8
75.6881,10700.8
75.7176,10700
75.7472,10696
75.7767,10691.9
75.8062,10687.9
75.8357,10683.9
75.8653,10680
75.8948,10675.7
75.9243,10671.4
75.9538,10667.2
75.9833,10662.9
76.0129,10658.8
76.0424,10655.7
76.0719,10652.7
76.1014,10649.7
76.131,10646.7
76.1605,10643.8
76.19,10641.5
76.2195,10639.3
76.2491,10637.2
76.2786,10635.1
76.3081,10633
76.3376,10631.1
76.3671,10629.3
76.3967,10627.5
76.4262,10625.7
76.4557,10623.9
76.4852,10622.3
76.5148,10620.7
76.5443,10619.1
76.5738,10617.5
76.6033,10615.9
76.6329,10614.5
76.6624,10613.2
76.6919,10612
76.7214,10610.8
76.7509,10609.6
76.7805,10608.5
76.81,10608.1
76.8395,10607.8
76.869,10607.4
76.8986,10607.1
76.9281,10606.8
76.9576,10608
76.9871,10609.4
77.0167,10610.9
77.0462,10612.3
77.0757,10613.7
77.1052,10616.9
77.1347,10620.7
77.1643,10624.6
77.1938,10628.5
77.2233,10632.3
77.2528,10636.9
77.2824,10642.1
77.3119,10647.4
77.3414,10652.7
77.3709,10657.9
77.4005,10662.8
77.43,10667.3
77.4595,10671.8
77.489,10676.2
77.5185,10680.7
77.5481,10684.5
77.5776,10686
77.6071,10687.5
77.6366,10688.9
77.6662,10690.4
77.6957,10691.7
77.7252,10690.5
77.7547,10689.3
77.7842,10688.1
77.8138,10686.9
77.8433,10685.7
77.8728,10683.1
77.9023,10680.4
77.9319,10677.7
77.9614,10674.9
77.9909,10672.2
78.0204,10669.6
78.05,10667
78.0795,10664.4
78.109,10661.8
78.1385,10659.3
78.168,10657.3
78.1976,10655.9
78.2271,10654.4
78.2566,10653
78.2861,10651.6
78.3157,10650.3
78.3452,10649.2
78.3747,10648
78.4042,10646.9
78.4338,10645.8
78.4633,10645.1
78.4928,10645.3
78.5223,10645.5
78.5518,10645.7
78.5814,10646
78.6109,10646.3
78.6404,10647.9
78.6699,10649.5
78.6995,10651.1
78.729,10652.7
78.7585,10654.3
78.788,10656.6
78.8176,10658.9
78.8471,10661.2
78.8766,10663.6
78.9061,10665.8
78.9356,10668.5
78.9652,10671.4
78.9947,10674.3
79.0242,10677.2
79.0537,10679.9
79.0833,10682
79.1128,10683.5
79.1423,10685
79.1718,10686.5
79.2014,10688
79.2309,10688.7
79.2604,10688.3
79.2899,10688
79.3194,10687.6
79.349,10687.3
79.3785,10686.8
79.408,10686
79.4375,10685.2
79.4671,10684.4
79.4966,10683.6
79.5261,10682.7
79.5556,10681.5
79.5851,10680.3
79.6147,10679.1
79.6442,10677.9
79.6737,10676.8
79.7032,10675.8
79.7328,10674.9
79.7623,10674
79.7918,10673.1
79.8213,10672.2
79.8509,10671.8
79.8804,10671.4
79.9099,10671.1
79.9394,10670.7
79.9689,10670.4
79.9985,10670
80.028,10669.6
80.0575,10669.2
80.087,10668.8
80.1166,10668.3
80.1461,10668
80.1756,10667.7
80.2051,10667.5
80.2347,10667.2
80.2642,10667
80.2937,10666.8
80.3232,10666.9
80.3527,10667
80.3823,10667
80.4118,10667.1
80.4413,10667.2
80.4708,10667.3
80.5004,10667.5
80.5299,10667.7
80.5594,10667.8
80.5889,10668
80.6185,10668.2
80.648,10668.4
80.6775,10668.6
80.707,10668.8
80.7365,10669
80.7661,10669.2
80.7956,10669.3
80.8251,10669.4
80.8546,10669.6
80.8842,10669.7
80.9137,10669.8
80.9432,10669.9
80.9727,10669.9
81.0023,10670
81.0318,10670
81.0613,10670.1
81.0908,10670
81.1203,10670
81.1499,10670
81.1794,10670
81.2089,10669.9
81.2384,10669.8
81.268,10669.7
81.2975,10669.6
81.327,10669.5
81.3565,10669.4
81.386,10669.2
81.4156,10669
81.4451,10668.9
81.4746,10668.7
81.5041,10668.5
81.5337,10668.2
81.5632,10667.8
81.5927,10667.5
81.6222,10667.1
81.6518,10666.7
81.6813,10666.4
81.7108,10666.1
81.7403,10665.8
81.7698,10665.4
81.7994,10665.1
81.8289,10664.9
81.8584,10664.8
81.8879,10664.7
81.9175,10664.6
81.947,10664.5
81.9765,10664.4
82.006,10664.4
82.0356,10664.4
82.0651,10664.3
82.0946,10664.3
82.1241,10664.3
82.1536,10664.5
82.1832,10664.6
82.2127,10664.7
82.2422,10664.8
82.2717,10664.9
82.3013,10665.2
82.3308,10665.5
82.3603,10665.8
82.3898,10666.1
82.4194,10666.1
82.4489,10667
82.4784,10667.6
82.5079,10668.2
82.5374,10668.8
82.567,10669.4
82.5965,10669.9
82.626,10670.5
82.6555,10671
82.6851,10671.5
82.7146,10672.1
82.7441,10672.4
82.7736,10672.7
82.8032,10672.9
82.8327,10673.2
82.8622,10673.5
82.8917,10673.7
82.9212,10674
82.9508,10674.3
82.9803,10674.6
83.0098,10674.9
83.0393,10675.2
83.0689,10675.4
83.0984,10675.6
83.1279,10675.8
83.1574,10676
83.1869,10676.1
83.2165,10676.2
83.246,10676.3
83.2755,10676.4
83.305,10676.5
83.3346,10676.4
83.3641,10676.6
83.3936,10676.7
83.4231,10676.8
83.4527,10676.9
83.4822,10676.9
83.5117,10676.9
83.5412,10677
83.5707,10677
83.6003,10677
83.6298,10677
83.6593,10677
83.6888,10677
83.7184,10676.9
83.7479,10676.9
83.7774,10676.8
83.8069,10676.8
83.8365,10676.7
83.866,10676.7
83.8955,10676.6
83.925,10676.5
83.9545,10676.4
83.9841,10676.3
84.0136,10676.2
84.0431,10676.1
84.0726,10676
84.1022,10675.8
84.1317,10675.6
84.1612,10675.5
84.1907,10675.3
84.2203,10675.1
84.2498,10674.9
84.2793,10674.6
84.3088,10674.3
84.3383,10674.1
84.3679,10673.8
84.3974,10673.5
84.4269,10673.2
84.4564,10672.9
84.486,10672.5
84.5155,10672.2
84.545,10671.9
84.5745,10671.6
84.6041,10671.3
84.6336,10671
84.6631,10670.7
84.6926,10670.3
84.7221,10670.1
84.7517,10670
84.7812,10669.8
84.8107,10669.7
84.8402,10669.5
84.8698,10669.5
84.8993,10669.5
84.9288,10669.6
84.9583,10669.7
84.9878,10669.8
85.0174,10669.9
85.0469,10670.1
85.0764,10670.4
85.1059,10670.7
85.1355,10671.1
85.165,10671.4
85.1945,10671.7
85.224,10672.1
85.2536,10672.6
85.2831,10673
85.3126,10673.5
85.3421,10674
85.3716,10674.4
85.4012,10674.9
85.4307,10675.4
85.4602,10675.9
85.4897,10676.4
85.5193,10676.9
85.5488,10677.4
85.5783,10677.9
85.6078,10678.4
85.6374,10678.9
85.6669,10679.3
85.6964,10679.8
85.7259,10680.2
85.7554,10680.7
85.785,10680.2
85.8145,10681.5
85.844,10681.8
85.8735,10682.2
85.9031,10682.5
85.9326,10682.8
85.9621,10683.2
85.9916,10682.7
86.0212,10683.6
86.0507,10683.8
86.0802,10683.9
86.1097,10684.1
86.1392,10684.2
86.1688,10684.4
86.1983,10684.5
86.2278,10684.5
86.2573,10684.5
86.2869,10684.4
86.3164,10684.4
86.3459,10684.4
86.3754,10684.3
86.405,10684.3
86.4345,10684.2
86.464,10684
86.4935,10683.9
86.523,10683.7
86.5526,10683.5
86.5821,10683.4
86.6116,10683.2
86.6411,10683
86.6707,10682.8
86.7002,10682.6
86.7297,10682.3
86.7592,10682.1
86.7887,10681.9
86.8183,10681.6
86.8478,10681.4
86.8773,10681.1
86.9068,10680.9
86.9364,10680.6
86.9659,10680.4
86.9954,10680.1
87.0249,10679.8
87.0545,10679.6
87.084,10679.3
87.1135,10679.1
87.143,10678.8
87.1725,10678.5
87.2021,10678.3
87.2316,10678.1
87.2611,10677.8
87.2906,10677.6
87.3202,10677.4
87.3497,10677.1
87.3792,10676.9
87.4087,10676.7
87.4383,10676.5
87.4678,10676.3
87.4973,10676.1
87.5268,10675.9
87.5563,10675.8
87.5859,10675.6
87.6154,10675.4
87.6449,10675.3
87.6744,10675.1
87.704,10674.9
87.7335,10674.9
87.763,10674.8
87.7925,10674.7
87.8221,10674.6
87.8516,10674.5
87.8811,10674.5
87.9106,10674.4
87.9401,10674.3
87.9697,10674.3
87.9992,10674.2
88.0287,10674.2
88.0582,10674.2
88.0878,10674.3
88.1173,10674.3
88.1468,10674.3
88.1763,10674.3
88.2059,10674.3
88.2354,10674.4
88.2649,10674.4
88.2944,10674.4
88.3239,10674.5
88.3535,10674.6
88.383,10674.6
88.4125,10674.7
88.442,10674.8
88.4716,10674.9
88.5011,10674.9
88.5306,10675
88.5601,10675.1
88.5896,10675.2
88.6192,10675.2
88.6487,10675.3
88.6782,10675.4
88.7077,10675.5
88.7373,10675.5
88.7668,10675.6
88.7963,10675.7
88.8258,10675.7
88.8554,10675.8
88.8849,10675.9
88.9144,10676
88.9439,10676
88.9734,10676.1
89.003,10676.1
89.0325,10676.2
89.062,10676.2
89.0915,10676.2
89.1211,10676.3
89.1506,10676.3
89.1801,10676.4
89.2096,10676.4
89.2392,10676.5
89.2687,10676.5
89.2982,10676.5
89.3277,10676.6
89.3572,10676.6
89.3868,10676.6
89.4163,10676.7
89.4458,10676.7
89.4753,10676.7
89.5049,10676.8
89.5344,10676.8
89.5639,10676.8
89.5934,10676.8
89.623,10676.9
89.6525,10676.9
89.682,10676.9
89.7115,10676.9
89.741,10677
89.7706,10677
89.8001,10677
89.8296,10677.1
89.8591,10677.1
89.8887,10677.1
89.9182,10677.1
89.9477,10677.2
89.9772,10677.2
90.0068,10677.2
90.0363,10677.3
90.0658,10677.4
90.0953,10677.5
90.1248,10677.6
90.1544,10677.6
90.1839,10677.7
90.2134,10677.8
90.2429,10677.9
90.2725,10678
90.302,10678
90.3315,10678.1
90.361,10678.2
90.3905,10678.3
90.4201,10678.3
90.4496,10678.4
90.4791,10678.4
90.5086,10678.5
90.5382,10678.5
90.5677,10678.6
90.5972,10678.7
90.6267,10678.7
90.6563,10678.8
90.6858,10678.8
90.7153,10678.9
90.7448,10678.9
90.7743,10679
90.8039,10679
90.8334,10679
90.8629,10679
90.8924,10678.9
90.922,10678.9
90.9515,10678.9
90.981,10678.9
91.0105,10678.9
91.0401,10678.8
91.0696,10678.8
91.0991,10678.8
91.1286,10678.8
91.1581,10678.8
91.1877,10678.7
91.2172,10678.7
91.2467,10678.7
91.2762,10678.6
91.3058,10678.5
91.3353,10678.5
91.3648,10678.4
91.3943,10678.3
91.4239,10678.3
91.4534,10678.2
91.4829,10678.2
91.5124,10678.1
91.5419,10678
91.5715,10678
91.601,10677.9
91.6305,10677.9
91.66,10677.8
91.6896,10677.7
91.7191,10677.7
91.7486,10677.6
91.7781,10677.6
91.8077,10677.5
91.8372,10677.5
91.8667,10677.4
91.8962,10677.4
91.9257,10677.3
91.9553,10677.2
91.9848,10677.2
92.0143,10677.1
92.0438,10677.1
92.0734,10677
92.1029,10677
92.1324,10677
92.1619,10677
92.1914,10677
92.221,10677
92.2505,10677
92.28,10677
92.3095,10677
92.3391,10677
92.3686,10676.9
92.3981,10676.9
92.4276,10676.9
92.4572,10676.9
92.4867,10676.9
92.5162,10676.9
92.5457,10676.9
92.5752,10676.9
92.6048,10676.9
92.6343,10676.9
92.6638,10677
92.6933,10677
92.7229,10677
92.7524,10677
92.7819,10677
92.8114,10677
92.841,10677
92.8705,10677
92.9,10677
92.9295,10677
92.959,10677
92.9886,10677.1
93.0181,10677.1
93.0476,10677.1
93.0771,10677.1
93.1067,10677.1
93.1362,10677.1
93.1657,10677.2
93.1952,10677.2
93.2248,10677.2
93.2543,10677.2
93.2838,10677.2
93.3133,10677.3
93.3428,10677.3
93.3724,10677.3
93.4019,10677.3
93.4314,10677.3
93.4609,10677.4
93.4905,10677.4
93.52,10677.4
93.5495,10677.4
93.579,10677.4
93.6086,10677.5
93.6381,10677.5
93.6676,10677.5
93.6971,10677.6
93.7266,10677.6
93.7562,10677.6
93.7857,10677.7
93.8152,10677.7
93.8447,10677.7
93.8743,10677.8
93.9038,10677.8
93.9333,10677.8
93.9628,10677.9
93.9923,10677.9
94.0219,10677.9
94.0514,10678
94.0809,10678
94.1104,10678
94.14,10678.1
94.1695,10678.1
94.199,10678.2
94.2285,10678.2
94.2581,10678.3
94.2876,10678.3
94.3171,10678.3
94.3466,10678.4
94.3761,10678.4
94.4057,10678.5
94.4352,10678.5
94.4647,10678.6
94.4942,10678.6
94.5238,10678.7
94.5533,10678.7
94.5828,10678.8
94.6123,10678.8
94.6419,10678.9
94.6714,10678.9
94.7009,10678.9
94.7304,10679
94.7599,10679.1
94.7895,10679.1
94.819,10679.2
94.8485,10679.2
94.878,10679.3
94.9076,10679.3
94.9371,10679.4
94.9666,10679.5
94.9961,10679.5
95.0257,10679.6
95.0552,10679.6
95.0847,10679.7
95.1142,10679.7
95.1437,10679.8
95.1733,10679.9
95.2028,10679.9
95.2323,10680
95.2618,10680
95.2914,10680.1
95.3209,10680.1
95.3504,10680.1
95.3799,10680.1
95.4095,10680.2
95.439,10680.2
95.4685,10680.2
95.498,10680.2
95.5275,10680.2
95.5571,10680.3
95.5866,10680.3
95.6161,10680.3
95.6456,10680.3
95.6752,10680.4
95.7047,10680.4
95.7342,10680.4
95.7637,10680.4
95.7932,10680.5
95.8228,10680.5
95.8523,10680.5
95.8818,10680.5
